url,name,address,city,state,phone
https://cpaadvisors.tax/,Results,"îƒˆ700 Godwin Ave # 100, Midland Park, NJ 07432",Midland Park,NJ,î‚°(201) 794-9300
http://www.merrillmartincpa.com/,Results,"îƒˆ48 Busteed Dr, Midland Park, NJ 07432",Midland Park,NJ,î‚°(201) 681-8281
http://www.lotabernard.com/,Results,"îƒˆ6 Prospect St #3a, Midland Park, NJ 07432",Midland Park,NJ,î‚°(201) 444-4411
https://www.aafinance.net/,Results,"îƒˆ700 Godwin Ave #310, Midland Park, NJ 07432",Midland Park,NJ,î‚°(201) 612-8855
http://www.taxplanninggroup.com/,Results,"îƒˆ686 Godwin Ave, Midland Park, NJ 07432",Midland Park,NJ,î‚°(201) 847-1000
https://www.premselaarcpa.com/,Results,"îƒˆ140 E Ridgewood Ave Ste 415s, Paramus, NJ 07652",Paramus,NJ,î‚°(201) 839-3455
http://farbercpa.com/,Results,"îƒˆ71 S Maple Ave, Ridgewood, NJ 07450",Ridgewood,NJ,î‚°(201) 943-4500
http://skhaccounting.com/,Results,"îƒˆ32 Godwin Ave, Midland Park, NJ 07432",Midland Park,NJ,î‚°(201) 612-9040
http://tjbrauncpa.com/,Results,"îƒˆ10 Wilsey Square, Ridgewood, NJ 07450",Ridgewood,NJ,î‚°(201) 930-8866
http://www.taliscpas.com/,Results,"îƒˆ110 Pleasant Ave, Upper Saddle River, NJ 07458",Upper Saddle River,NJ,î‚°(201) 692-1600
http://www.warsawavena.com/about-us.html,Results,"îƒˆ191 Godwin Ave #5, Wyckoff, NJ 07481",Wyckoff,NJ,î‚°(201) 560-1199
http://www.martinofisher.com/,Results,"îƒˆ191 Godwin Ave #3, Wyckoff, NJ 07481",Wyckoff,NJ,î‚°(201) 847-0200
https://bergercpafirst.com/,Results,"îƒˆ281 US-46, Elmwood Park, NJ 07407",Elmwood Park,NJ,î‚°(201) 587-9200
https://lscfoadvisors.com/,Results,"îƒˆ16-00 NJ-208 Ste 205, Fair Lawn, NJ 07410",Fair Lawn,NJ,î‚°(201) 947-8081
http://www.phyphar.com/,Results,"îƒˆ29 Walter Hammond Pl, Waldwick, NJ 07463",Waldwick,NJ,î‚°(201) 444-4648
http://www.anthonypasserino.com/,Results,"îƒˆ171 E Ridgewood Ave #201, Ridgewood, NJ 07450",Ridgewood,NJ,î‚°(201) 707-7500
http://www.nnhcpa.com/,Results,"îƒˆ124 Prospect St, Ridgewood, NJ 07450",Ridgewood,NJ,î‚°(201) 301-7700
http://www.fc1040tax.com/about-us/,Results,"îƒˆ1156 E Ridgewood Ave # 14, Ridgewood, NJ 07450",Ridgewood,NJ,î‚°(201) 447-1040
http://tmgcpa.net/,Results,"îƒˆ500 Franklin Turnpike #306, Ramsey, NJ 07446",Ramsey,NJ,î‚°(201) 783-8375
http://www.spiottilaw.com/,Results,"îƒˆ612 Godwin Ave, Midland Park, NJ 07432",Midland Park,NJ,î‚°(973) 310-2020
http://www.certifiedbiz.com/,Results,"îƒˆ686 Godwin Ave STE 100, Midland Park, NJ 07432",Midland Park,NJ,î‚°(201) 847-8100
https://www.myclearscope.com/,Results,"îƒˆ50 Chestnut Ridge Rd Ste 124, Montvale, NJ 07645",Montvale,NJ,î‚°(201) 358-9600
http://www.fontanellacpa.com/,Results,"îƒˆ1031 McBride Ave #201, Woodland Park, NJ 07424",Woodland Park,NJ,î‚°(973) 389-0990
https://www.wasiakcpa.com/,Results,"îƒˆ337 Market St STE 3, Saddle Brook, NJ 07663",Saddle Brook,NJ,î‚°(201) 880-0033
http://paramus-cpa.com/,Results,"îƒˆ205 Robin Rd STE 206, Paramus, NJ 07652",Paramus,NJ,î‚°(201) 368-0066
http://www.premselaarcpa.com/,Results,"îƒˆ871 Allwood Rd #2, Clifton, NJ 07012",Clifton,NJ,î‚°(973) 842-7784
https://unitedaccountingservices.com/cpa-tax-accountant-clifton-nj/,Results,"îƒˆ283 Clifton Ave, Clifton, NJ 07011",Clifton,NJ,î‚°(973) 574-7001
http://www.cpapai.com/,Results,"îƒˆ1035 US-46 STE B101, Clifton, NJ 07013",Clifton,NJ,î‚°(973) 956-1040
http://sslcpallc.com/,Results,"îƒˆ145 N Franklin Tpke #303, Ramsey, NJ 07446",Ramsey,NJ,î‚°(201) 236-2226
http://petergillcpa.com/,Results,"îƒˆ625 Lafayette Ave, Hawthorne, NJ 07506",Hawthorne,NJ,î‚°(973) 216-5445
https://www.atlantiscpa.com/,Results,"îƒˆ140 E Ridgewood Ave Suite 415, Paramus, NJ 07652",Paramus,NJ,î‚°(201) 694-6251
http://www.jcpaoffice.com/,Results,"îƒˆ27 Pleasant Ave, Garfield, NJ 07026",Garfield,NJ,î‚°(973) 283-5770
http://williamkay.com/,Results,"îƒˆ191 Godwin Ave #6, Wyckoff, NJ 07481",Wyckoff,NJ,î‚°(201) 847-1900
http://ccalawyers.com/,Results,"îƒˆ666 Godwin Ave #320, Midland Park, NJ 07432",Midland Park,NJ,î‚°(201) 904-2007
http://www.pkfod.com/,Results,"îƒˆ300 Tice Blvd #315, Woodcliff Lake, NJ 07677",Woodcliff Lake,NJ,î‚°(201) 712-9800
https://www.midlandparknj.org/tax-collection,Results,"îƒˆ280 Godwin Ave, Midland Park, NJ 07432",Midland Park,NJ,î‚°(201) 444-1388
https://cpa-gurus.com/lets-talk,Results,"îƒˆ725 River Rd Ste 32-291, Edgewater, NJ 07020",Edgewater,NJ,î‚°(201) 822-1653
https://tartalaw.com/,Results,"îƒˆ700 Godwin Ave, Midland Park, NJ 07432",Midland Park,NJ,î‚°(201) 444-8448
https://www.zgcpas.com/contact,Results,"îƒˆ63 Highland Ave, Bloomingdale, NJ 07403",Bloomingdale,NJ,î‚°(862) 801-0257
https://www.facebook.com/mjbadvisor/,Results,"îƒˆ58 Colfax Ave, Pompton Lakes, NJ 07442",Pompton Lakes,NJ,î‚°(973) 835-1331
https://clevertaxes.pro/,Results,"îƒˆ361 River Rd, Edgewater, NJ 07020",Edgewater,NJ,î‚°(201) 648-5015
http://www.chriswhalencpa.com/,Results,"îƒˆ81 Oak Hill Rd, Red Bank, NJ 07701",Red Bank,NJ,î‚°(732) 673-0510
https://www.hemantaccounting.com/,Results,"îƒˆ8100 River Rd, North Bergen, NJ 07047",North Bergen,NJ,î‚°(732) 824-8786
https://www.slissnercpa.com/,Results,"îƒˆ333 US-46 #206, Mountain Lakes, NJ 07046",Mountain Lakes,NJ,î‚°(973) 917-4080
https://accountingmjp.com/,Results,"îƒˆ1 American Dream Wy, East Rutherford, NJ 07073",East Rutherford,NJ,î‚°(551) 800-3910
https://www.lacnj.com/,Results,"îƒˆ8612 John F. Kennedy Blvd, North Bergen, NJ 07047",North Bergen,NJ,î‚°(201) 295-1100
http://mascpallc.com/,Results,"îƒˆ150 River Rd F-1, Montville, NJ 07045",Montville,NJ,î‚°(973) 335-7554
http://wa.link/y851vy,Results,"îƒˆ402 Palisade Ave, Cliffside Park, NJ 07010",Cliffside Park,NJ,î‚°(551) 267-0173
http://csicpa.com/,Results,"îƒˆ12 Chapel Hill Rd, Lincoln Park, NJ 07035",Lincoln Park,NJ,î‚°(800) 829-5297
http://www.rubengonzalezcpa.com/,Results,"îƒˆ8129 John F. Kennedy Blvd, North Bergen, NJ 07047",North Bergen,NJ,î‚°(201) 617-1108
https://www.resolutiontax.net/,Results,"îƒˆ8419 Bergenline Ave, North Bergen, NJ 07047",North Bergen,NJ,î‚°(908) 288-5172
http://www.leonetax.com/,Results,"îƒˆ7612 Bergenline Ave, North Bergen, NJ 07047",North Bergen,NJ,î‚°(201) 869-8900
https://lp-cpa.com/,Results,"îƒˆ791 Alexander Rd, Princeton, NJ 08540",Princeton,NJ,î‚°(609) 452-2200
http://www.brooksite.biz/,Results,"îƒˆ213 Anchorage Terrace, Edgewater, NJ 07020",Edgewater,NJ,î‚°(551) 444-1050
http://clarion-ca.com/,Results,"îƒˆ301 NJ-17 #800, Rutherford, NJ 07070",Rutherford,NJ,î‚°(212) 878-7601
https://www.asegroupoffices.com/,Results,"îƒˆ111 Northfield Ave #202, West Orange, NJ 07052",West Orange,NJ,î‚°(973) 731-6000
https://www.angelocpafirm.com/,Results,"îƒˆ18 Brant Ave, Clark, NJ 07066",Clark,NJ,î‚°(732) 382-2272
http://valentinoservices.com/,Results,"îƒˆ182 Anderson Ave, Fairview, NJ 07022",Fairview,NJ,î‚°(201) 282-4100
https://www.rmjr-tax-accounting.com/wyckoff-nj,Results,"îƒˆ279 Franklin Ave suite 1, Wyckoff, NJ 07481",Wyckoff,NJ,î‚°(201) 975-4111
https://www.botwinick.com/,Results,"îƒˆ365 W Passaic St Ste 310, Rochelle Park, NJ 07662",Rochelle Park,NJ,î‚°(201) 909-0090
http://www.ezpayroll.com/,Results,"îƒˆ686 Godwin Ave STE 100, Midland Park, NJ 07432",Midland Park,NJ,
https://www.midlandparknj.org/assessor,Results,"îƒˆ280 Godwin Ave, Midland Park, NJ 07432",Midland Park,NJ,î‚°(201) 444-1388
http://stranzcpa.com/,Results,"îƒˆ217 Main St, Lincoln Park, NJ 07035",Lincoln Park,NJ,î‚°(973) 633-5222
http://www.fourbrothersfinancial.com/,Results,"îƒˆ101 Hudson St 21st fl, Jersey City, NJ 07302",Jersey City,NJ,î‚°(732) 829-6395
http://www.empowercapital.co/,Results,,Midland Park,NJ,î‚°(646) 633-5059
https://empowercapital.co/,Results,,Midland Park,NJ,î‚°(646) 633-5059
